title,price,sku,cat
Lowepro Slingshot Edge 250 AW,£109.95,LOWEPRO-BAG-250,Bags
Lowepro Pro Roller x300 AW,£499.95,LOWEPRO-BAG-X300,Bags
Lowepro ProTactic 350 AW,£199.95,LOWEPRO-BAG-350,Bags
Stripy Top,£24.00,N/A,T-shirts
Red Checked Shirt,£52.00,N/A,Shirts
Patterned Tshirt,£23.00,N/A,T-shirts
Green Vest,£22.00,N/A,T-shirts
Denim Shirt,£37.00£29.00,None,Shirts
Checked Shirt,£58.00,N/A,Shirts
Checked Hoodie,£42.00,N/A,Hoodies
Blue Tshirt,£24.00,N/A,T-shirts
Blue Shoes,£45.00,N/A,Footwear
Blue Checked Shirt,£45.00,N/A,Shirts
Black Trousers,£32.00,N/A,Trousers
Beanie Hat,£12.00,None,Hats
Brown Trousers,£42.00,N/A,Trousers
Black Trousers,£42.00,N/A,Trousers
Floral Dress,£72.00,N/A,Dresses
Blue Trousers,£42.00,N/A,Trousers
Green Trousers,£42.00,N/A,Trousers
White Floral Dress,£98.00,N/A,Dresses
Blue Floral Dress,£72.00,N/A,Dresses
Navy Floral Dress,£72.00,N/A,Dresses
Checkered Skirt,£57.00,N/A,Skirts
Grey Trousers,£32.00,N/A,Trousers
Brown Skirt,£48.00,N/A,Skirts
Blue Skirt,£48.00,N/A,Skirts
Red Skirt,£48.00,N/A,Skirts
Burgundy Skirt (Variable Product),£48.00,N/A,Skirts
Navy Dress,£72.00,N/A,Dresses
Grey Dress,£72.00,N/A,Dresses
Black Dress,£72.00,N/A,Dresses
Pink Blouse,£32.00,N/A,Blouses
Blue Blouse,£32.00,N/A,Blouses
Woo Logo,£49.99,HOOD01,Hoodies
Ninja Silhouette,£34.99,HOOD02,Hoodies
Happy Ninja,£35.00,HOOD03,Hoodies
Patient Ninja,£35.00,HOOD05,Hoodies
Woo Ninja,£35.00,HOOD04,Hoodies
Ship Your Idea,£40.00 – £45.00,HOOD06,Hoodies
